id,name,category,image_url
1,White backpack hanging on wall,Backpack,https://plus.unsplash.com/premium_photo-1664110691115-790e20a41744?ixlib=rb-4.1.0&ixid=M3wxMjA3fDB8MHxwaG90by1wYWdlfHx8fGVufDB8fHx8fA%3D%3D&auto=format&fit=crop&q=80&w=653
2,Black backpack,Backpack,https://images.unsplash.com/photo-1581605405669-fcdf81165afa?ixlib=rb-4.1.0&ixid=M3wxMjA3fDB8MHxwaG90by1wYWdlfHx8fGVufDB8fHx8fA%3D%3D&auto=format&fit=crop&q=80&w=687
3,Brown Leather Backpack,Backpack,https://images.unsplash.com/photo-1622560480605-d83c853bc5c3?ixlib=rb-4.1.0&ixid=M3wxMjA3fDB8MHxwaG90by1wYWdlfHx8fGVufDB8fHx8fA%3D%3D&auto=format&fit=crop&q=80&w=688
4,Red Leather Backpack,Backpack,https://images.unsplash.com/photo-1622560480654-d96214fdc887?ixlib=rb-4.1.0&ixid=M3wxMjA3fDB8MHxwaG90by1wYWdlfHx8fGVufDB8fHx8fA%3D%3D&auto=format&fit=crop&q=80&w=688
5,Grey Backpack on chair,Backpack,https://images.unsplash.com/photo-1546938576-6e6a64f317cc?ixlib=rb-4.1.0&ixid=M3wxMjA3fDB8MHxwaG90by1wYWdlfHx8fGVufDB8fHx8fA%3D%3D&auto=format&fit=crop&q=80&w=880
6,Pink Backpack on chair,Backpack,https://plus.unsplash.com/premium_photo-1723649902804-bcc38f589f03?ixlib=rb-4.1.0&ixid=M3wxMjA3fDB8MHxwaG90by1wYWdlfHx8fGVufDB8fHx8fA%3D%3D&auto=format&fit=crop&q=80&w=687
7,Black backpack on textile,Backpack,https://images.unsplash.com/photo-1591534577302-1696205bb2bc?ixlib=rb-4.1.0&ixid=M3wxMjA3fDB8MHxwaG90by1wYWdlfHx8fGVufDB8fHx8fA%3D%3D&auto=format&fit=crop&q=80&w=687
8,Black Backpack on white box,Backpack,https://images.unsplash.com/photo-1594299447935-e5b840f54b9b?ixlib=rb-4.1.0&ixid=M3wxMjA3fDB8MHxwaG90by1wYWdlfHx8fGVufDB8fHx8fA%3D%3D&auto=format&fit=crop&q=80&w=735
9,White and Black Nike Backpack,Backpack,https://images.unsplash.com/photo-1596273501583-5bdb2c7220d9?ixlib=rb-4.1.0&ixid=M3wxMjA3fDB8MHxwaG90by1wYWdlfHx8fGVufDB8fHx8fA%3D%3D&auto=format&fit=crop&q=80&w=687
10,Brown backpack,Backpack,https://images.unsplash.com/photo-1654112260750-62e27953e9fd?ixlib=rb-4.1.0&ixid=M3wxMjA3fDB8MHxwaG90by1wYWdlfHx8fGVufDB8fHx8fA%3D%3D&auto=format&fit=crop&q=80&w=687
11,Brown Lampshade,Desk Lamp,https://images.unsplash.com/photo-1560752323-bb0a9680945f?ixlib=rb-4.1.0&ixid=M3wxMjA3fDB8MHxwaG90by1wYWdlfHx8fGVufDB8fHx8fA%3D%3D&auto=format&fit=crop&q=80&w=863
12,Brown and Clear Glass lamp,Desk Lamp,https://images.unsplash.com/photo-1559234698-07927b48f729?ixlib=rb-4.1.0&ixid=M3wxMjA3fDB8MHxwaG90by1wYWdlfHx8fGVufDB8fHx8fA%3D%3D&auto=format&fit=crop&q=80&w=905
13,White table lamp,Desk Lamp,https://images.unsplash.com/photo-1579326882518-21eaa7893b02?ixlib=rb-4.1.0&ixid=M3wxMjA3fDB8MHxwaG90by1wYWdlfHx8fGVufDB8fHx8fA%3D%3D&auto=format&fit=crop&q=80&w=913
14,Orange uniquely designed lamp,Desk Lamp,https://images.unsplash.com/photo-1731762524352-b5663f83a830?ixlib=rb-4.1.0&ixid=M3wxMjA3fDB8MHxwaG90by1wYWdlfHx8fGVufDB8fHx8fA%3D%3D&auto=format&fit=crop&q=80&w=880
15,White table lamp,Desk Lamp,https://images.unsplash.com/photo-1568927663969-e34174cc35a9?ixlib=rb-4.1.0&ixid=M3wxMjA3fDB8MHxwaG90by1wYWdlfHx8fGVufDB8fHx8fA%3D%3D&auto=format&fit=crop&q=80&w=880
16,Vintage table lamp,Desk Lamp,https://images.unsplash.com/photo-1544235204-4a83c92ca200?ixlib=rb-4.1.0&ixid=M3wxMjA3fDB8MHxwaG90by1wYWdlfHx8fGVufDB8fHx8fA%3D%3D&auto=format&fit=crop&q=80&w=880
17,White Lampshade,Desk Lamp,https://images.unsplash.com/photo-1728473577296-309fa0ac619b?ixlib=rb-4.1.0&ixid=M3wxMjA3fDB8MHxwaG90by1wYWdlfHx8fGVufDB8fHx8fA%3D%3D&auto=format&fit=crop&q=80&w=687
18,Steel-handle table lamp,Desk Lamp,https://images.unsplash.com/photo-1571406487954-dc11b0c0767d?ixlib=rb-4.1.0&ixid=M3wxMjA3fDB8MHxwaG90by1wYWdlfHx8fGVufDB8fHx8fA%3D%3D&auto=format&fit=crop&q=80&w=687
19,Unique designed lampshade,Desk Lamp,https://images.unsplash.com/photo-1708414338277-52f15b8e5082?ixlib=rb-4.1.0&ixid=M3wxMjA3fDB8MHxwaG90by1wYWdlfHx8fGVufDB8fHx8fA%3D%3D&auto=format&fit=crop&q=80&w=687
20,Cozy home lampshade,Desk Lamp,https://images.unsplash.com/photo-1693329428271-3742bd8220cc?ixlib=rb-4.1.0&ixid=M3wxMjA3fDB8MHxwaG90by1wYWdlfHx8fGVufDB8fHx8fA%3D%3D&auto=format&fit=crop&q=80&w=723
21,Black ray ban wayfarer sunglasses,Glasses,https://images.unsplash.com/photo-1572635196237-14b3f281503f?ixlib=rb-4.1.0&ixid=M3wxMjA3fDB8MHxwaG90by1wYWdlfHx8fGVufDB8fHx8fA%3D%3D&auto=format&fit=crop&q=80&w=880
22,Black and silver glasses,Glasses,https://images.unsplash.com/photo-1651540589735-12cffa044899?ixlib=rb-4.1.0&ixid=M3wxMjA3fDB8MHxwaG90by1wYWdlfHx8fGVufDB8fHx8fA%3D%3D&auto=format&fit=crop&q=80&w=880
23,Pair of black color glasses,Glasses,https://images.unsplash.com/photo-1688905341704-c12ea8e58d20?ixlib=rb-4.1.0&ixid=M3wxMjA3fDB8MHxwaG90by1wYWdlfHx8fGVufDB8fHx8fA%3D%3D&auto=format&fit=crop&q=80&w=721
24,Gold colored frame hippie sunglasses,Glasses,https://images.unsplash.com/photo-1511499767150-a48a237f0083?ixlib=rb-4.1.0&ixid=M3wxMjA3fDB8MHxwaG90by1wYWdlfHx8fGVufDB8fHx8fA%3D%3D&auto=format&fit=crop&q=80&w=880
25,Black framed teal lens sunglasses,Glasses,https://images.unsplash.com/photo-1564245659875-79f41f648854?ixlib=rb-4.1.0&ixid=M3wxMjA3fDB8MHxwaG90by1wYWdlfHx8fGVufDB8fHx8fA%3D%3D&auto=format&fit=crop&q=80&w=765
26,Black framed teal lens eyewear,Glasses,https://images.unsplash.com/photo-1625591342274-013866180475?ixlib=rb-4.1.0&ixid=M3wxMjA3fDB8MHxwaG90by1wYWdlfHx8fGVufDB8fHx8fA%3D%3D&auto=format&fit=crop&q=80&w=1041
27,Black RayBan sunglasses,Glasses,https://images.unsplash.com/photo-1556306535-38febf6782e7?ixlib=rb-4.1.0&ixid=M3wxMjA3fDB8MHxwaG90by1wYWdlfHx8fGVufDB8fHx8fA%3D%3D&auto=format&fit=crop&q=80&w=1170
28,Black eyewear,Glasses,https://images.unsplash.com/photo-1641048927024-0e801784b4f7?ixlib=rb-4.1.0&ixid=M3wxMjA3fDB8MHxwaG90by1wYWdlfHx8fGVufDB8fHx8fA%3D%3D&auto=format&fit=crop&q=80&w=1331
29,Black Ray Ban wayfarer,Glasses,https://images.unsplash.com/photo-1473496169904-658ba7c44d8a?ixlib=rb-4.1.0&ixid=M3wxMjA3fDB8MHxwaG90by1wYWdlfHx8fGVufDB8fHx8fA%3D%3D&auto=format&fit=crop&q=80&w=1170
30,Black framed sunglasses,Glasses,https://images.unsplash.com/photo-1610136649349-0f646f318053?ixlib=rb-4.1.0&ixid=M3wxMjA3fDB8MHxwaG90by1wYWdlfHx8fGVufDB8fHx8fA%3D%3D&auto=format&fit=crop&q=80&w=1170
31,Wireless Headphone,Headphones,https://images.unsplash.com/photo-1505740420928-5e560c06d30e?ixlib=rb-4.1.0&ixid=M3wxMjA3fDB8MHxwaG90by1wYWdlfHx8fGVufDB8fHx8fA%3D%3D&auto=format&fit=crop&q=80&w=1170
32,Gray and Brown corded Headphones,Headphones,https://images.unsplash.com/photo-1484704849700-f032a568e944?ixlib=rb-4.1.0&ixid=M3wxMjA3fDB8MHxwaG90by1wYWdlfHx8fGVufDB8fHx8fA%3D%3D&auto=format&fit=crop&q=80&w=1170
33,White sony corded headphones,Headphones,https://images.unsplash.com/photo-1577174881658-0f30ed549adc?ixlib=rb-4.1.0&ixid=M3wxMjA3fDB8MHxwaG90by1wYWdlfHx8fGVufDB8fHx8fA%3D%3D&auto=format&fit=crop&q=80&w=720
34,Beige wireless headphones,Headphones,https://plus.unsplash.com/premium_photo-1679513691485-711d030f7e94?ixlib=rb-4.1.0&ixid=M3wxMjA3fDB8MHxwaG90by1wYWdlfHx8fGVufDB8fHx8fA%3D%3D&auto=format&fit=crop&q=80&w=1113
35,Black and red corded headphones,Headphones,https://images.unsplash.com/photo-1610041321327-b794c052db27?ixlib=rb-4.1.0&ixid=M3wxMjA3fDB8MHxwaG90by1wYWdlfHx8fGVufDB8fHx8fA%3D%3D&auto=format&fit=crop&q=80&w=2070
36,Pink and white wireless Headphone,Headphones,https://plus.unsplash.com/premium_photo-1677158265072-5d15db9e23b2?ixlib=rb-4.1.0&ixid=M3wxMjA3fDB8MHxwaG90by1wYWdlfHx8fGVufDB8fHx8fA%3D%3D&auto=format&fit=crop&q=80&w=764
37,Black and brown wireless headphones,Headphones,https://plus.unsplash.com/premium_photo-1679864782376-bdbbb87d9027?ixlib=rb-4.1.0&ixid=M3wxMjA3fDB8MHxwaG90by1wYWdlfHx8fGVufDB8fHx8fA%3D%3D&auto=format&fit=crop&q=80&w=687
38,Studio-Technica wireless headphones,Headphones,https://images.unsplash.com/photo-1481207801830-97f0f9a1337e?ixlib=rb-4.1.0&ixid=M3wxMjA3fDB8MHxwaG90by1wYWdlfHx8fGVufDB8fHx8fA%3D%3D&auto=format&fit=crop&q=80&w=1170
39,White beats by Dr. dre,Headphones,https://images.unsplash.com/photo-1496957961599-e35b69ef5d7c?ixlib=rb-4.1.0&ixid=M3wxMjA3fDB8MHxwaG90by1wYWdlfHx8fGVufDB8fHx8fA%3D%3D&auto=format&fit=crop&q=80&w=1172
40,Brown headphones,Headphones,https://plus.unsplash.com/premium_photo-1679456062579-cc90340801db?ixlib=rb-4.1.0&ixid=M3wxMjA3fDB8MHxwaG90by1wYWdlfHx8fGVufDB8fHx8fA%3D%3D&auto=format&fit=crop&q=80&w=687
41,Black and silver Calvin Klein perfume,Perfume,https://images.unsplash.com/photo-1585386959984-a4155224a1ad?ixlib=rb-4.1.0&ixid=M3wxMjA3fDB8MHxwaG90by1wYWdlfHx8fGVufDB8fHx8fA%3D%3D&auto=format&fit=crop&q=80&w=1074
42,Necessaire Deodrant,Perfume,https://images.unsplash.com/photo-1620917669788-be691b2db72a?ixlib=rb-4.1.0&ixid=M3wxMjA3fDB8MHxwaG90by1wYWdlfHx8fGVufDB8fHx8fA%3D%3D&auto=format&fit=crop&q=80&w=687
43,N5 Chanel Eau de Perfume,Perfume,https://images.unsplash.com/photo-1541643600914-78b084683601?ixlib=rb-4.1.0&ixid=M3wxMjA3fDB8MHxwaG90by1wYWdlfHx8fGVufDB8fHx8fA%3D%3D&auto=format&fit=crop&q=80&w=704
44,Clear Perfume bottle,Perfume,https://images.unsplash.com/photo-1458538977777-0549b2370168?ixlib=rb-4.1.0&ixid=M3wxMjA3fDB8MHxwaG90by1wYWdlfHx8fGVufDB8fHx8fA%3D%3D&auto=format&fit=crop&q=80&w=1174
45,Sun di Gioia bottle,Perfume,https://images.unsplash.com/photo-1547887537-6158d64c35b3?ixlib=rb-4.1.0&ixid=M3wxMjA3fDB8MHxwaG90by1wYWdlfHx8fGVufDB8fHx8fA%3D%3D&auto=format&fit=crop&q=80&w=687
46,Black and white prada perfume,Perfume,https://images.unsplash.com/photo-1610461888750-10bfc601b874?ixlib=rb-4.1.0&ixid=M3wxMjA3fDB8MHxwaG90by1wYWdlfHx8fGVufDB8fHx8fA%3D%3D&auto=format&fit=crop&q=80&w=699
47,Versace Eros perfume,Perfume,https://images.unsplash.com/photo-1587017539504-67cfbddac569?ixlib=rb-4.1.0&ixid=M3wxMjA3fDB8MHxwaG90by1wYWdlfHx8fGVufDB8fHx8fA%3D%3D&auto=format&fit=crop&q=80&w=735
48,Vera Wang perfume,Perfume,https://images.unsplash.com/photo-1593487568720-92097fb460fb?ixlib=rb-4.1.0&ixid=M3wxMjA3fDB8MHxwaG90by1wYWdlfHx8fGVufDB8fHx8fA%3D%3D&auto=format&fit=crop&q=80&w=1170
49,Zara Perfume,Perfume,https://images.unsplash.com/photo-1582211594533-268f4f1edcb9?ixlib=rb-4.1.0&ixid=M3wxMjA3fDB8MHxwaG90by1wYWdlfHx8fGVufDB8fHx8fA%3D%3D&auto=format&fit=crop&q=80&w=687
50,Valentino Perfume,Perfume,https://images.unsplash.com/photo-1705338670422-01133208eab9?ixlib=rb-4.1.0&ixid=M3wxMjA3fDB8MHxwaG90by1wYWdlfHx8fGVufDB8fHx8fA%3D%3D&auto=format&fit=crop&q=80&w=764
51,Red Nike Sneakers,Shoes,https://images.unsplash.com/photo-1542291026-7eec264c27ff?ixlib=rb-4.1.0&ixid=M3wxMjA3fDB8MHxwaG90by1wYWdlfHx8fGVufDB8fHx8fA%3D%3D&auto=format&fit=crop&q=80&w=1170
52,Pair of white and orange Athletic shoes,Shoes,https://images.unsplash.com/photo-1560769629-975ec94e6a86?ixlib=rb-4.1.0&ixid=M3wxMjA3fDB8MHxwaG90by1wYWdlfHx8fGVufDB8fHx8fA%3D%3D&auto=format&fit=crop&q=80&w=764
53,Gray Nike running shoes,Shoes,https://images.unsplash.com/photo-1491553895911-0055eca6402d?ixlib=rb-4.1.0&ixid=M3wxMjA3fDB8MHxwaG90by1wYWdlfHx8fGVufDB8fHx8fA%3D%3D&auto=format&fit=crop&q=80&w=880
54,Maroon Plimsoll,Shoes,https://images.unsplash.com/photo-1525966222134-fcfa99b8ae77?ixlib=rb-4.1.0&ixid=M3wxMjA3fDB8MHxwaG90by1wYWdlfHx8fGVufDB8fHx8fA%3D%3D&auto=format&fit=crop&q=80&w=698
55,Green and Black Nike shoe,Shoes,https://images.unsplash.com/photo-1606107557195-0e29a4b5b4aa?ixlib=rb-4.1.0&ixid=M3wxMjA3fDB8MHxwaG90by1wYWdlfHx8fGVufDB8fHx8fA%3D%3D&auto=format&fit=crop&q=80&w=764
56,Brown Nike Sneaker,Shoes,https://images.unsplash.com/photo-1549298916-b41d501d3772?ixlib=rb-4.1.0&ixid=M3wxMjA3fDB8MHxwaG90by1wYWdlfHx8fGVufDB8fHx8fA%3D%3D&auto=format&fit=crop&q=80&w=1112
57,Off-white X Nike Air Force,Shoes,https://images.unsplash.com/photo-1543508282-6319a3e2621f?ixlib=rb-4.1.0&ixid=M3wxMjA3fDB8MHxwaG90by1wYWdlfHx8fGVufDB8fHx8fA%3D%3D&auto=format&fit=crop&q=80&w=715
58,White Nike high tops,Shoes,https://images.unsplash.com/photo-1512374382149-233c42b6a83b?ixlib=rb-4.1.0&ixid=M3wxMjA3fDB8MHxwaG90by1wYWdlfHx8fGVufDB8fHx8fA%3D%3D&auto=format&fit=crop&q=80&w=735
59,Blue and white Nike running shoes,Shoes,https://images.unsplash.com/photo-1515955656352-a1fa3ffcd111?ixlib=rb-4.1.0&ixid=M3wxMjA3fDB8MHxwaG90by1wYWdlfHx8fGVufDB8fHx8fA%3D%3D&auto=format&fit=crop&q=80&w=1170
60,White and orange Nike Athletic shoe,Shoes,https://images.unsplash.com/photo-1600185365926-3a2ce3cdb9eb?ixlib=rb-4.1.0&ixid=M3wxMjA3fDB8MHxwaG90by1wYWdlfHx8fGVufDB8fHx8fA%3D%3D&auto=format&fit=crop&q=80&w=1025
61,White and Brown plastic bottles,Skin Product,https://images.unsplash.com/photo-1629198688000-71f23e745b6e?ixlib=rb-4.1.0&ixid=M3wxMjA3fDB8MHxwaG90by1wYWdlfHx8fGVufDB8fHx8fA%3D%3D&auto=format&fit=crop&q=80&w=880
62,Curology 3 piece set,Skin Product,https://images.unsplash.com/photo-1571781926291-c477ebfd024b?ixlib=rb-4.1.0&ixid=M3wxMjA3fDB8MHxwaG90by1wYWdlfHx8fGVufDB8fHx8fA%3D%3D&auto=format&fit=crop&q=80&w=688
63,Cosmetics Set,Skin Product,https://images.unsplash.com/photo-1567721913486-6585f069b332?ixlib=rb-4.1.0&ixid=M3wxMjA3fDB8MHxwaG90by1wYWdlfHx8fGVufDB8fHx8fA%3D%3D&auto=format&fit=crop&q=80&w=688
64,Bottle of makeup on a rock,Skin Product,https://images.unsplash.com/photo-1703174319257-bbacb50fee9c?ixlib=rb-4.1.0&ixid=M3wxMjA3fDB8MHxwaG90by1wYWdlfHx8fGVufDB8fHx8fA%3D%3D&auto=format&fit=crop&q=80&w=687
65,Bottle of skin care,Skin Product,https://images.unsplash.com/photo-1676192481839-7e9c24fd133f?ixlib=rb-4.1.0&ixid=M3wxMjA3fDB8MHxwaG90by1wYWdlfHx8fGVufDB8fHx8fA%3D%3D&auto=format&fit=crop&q=80&w=687
66,Bottle of Green Liquid,Skin Product,https://images.unsplash.com/photo-1663566710914-d0bcfe7812bc?ixlib=rb-4.1.0&ixid=M3wxMjA3fDB8MHxwaG90by1wYWdlfHx8fGVufDB8fHx8fA%3D%3D&auto=format&fit=crop&q=80&w=627
67,Couple of bottles on Liquid,Skin Product,https://images.unsplash.com/photo-1669049722859-454862ea1851?ixlib=rb-4.1.0&ixid=M3wxMjA3fDB8MHxwaG90by1wYWdlfHx8fGVufDB8fHx8fA%3D%3D&auto=format&fit=crop&q=80&w=1170
68,White and clear glass of moisturisers,Skin Product,https://images.unsplash.com/photo-1629732097571-b042b35aa3ed?ixlib=rb-4.1.0&ixid=M3wxMjA3fDB8MHxwaG90by1wYWdlfHx8fGVufDB8fHx8fA%3D%3D&auto=format&fit=crop&q=80&w=1170
69,White and red Herbarie bottle,Skin Product,https://images.unsplash.com/photo-1596099832784-ffd0f966e8b8?ixlib=rb-4.1.0&ixid=M3wxMjA3fDB8MHxwaG90by1wYWdlfHx8fGVufDB8fHx8fA%3D%3D&auto=format&fit=crop&q=80&w=881
70,Ela De Pure Anti Aging Mask,Skin Product,https://images.unsplash.com/photo-1754961968085-1f5799fd7a7c?ixlib=rb-4.1.0&ixid=M3wxMjA3fDB8MHxwaG90by1wYWdlfHx8fGVufDB8fHx8fA%3D%3D&auto=format&fit=crop&q=80&w=880
71,White watch with white band,Wrist Watch,https://images.unsplash.com/photo-1523275335684-37898b6baf30?ixlib=rb-4.1.0&ixid=M3wxMjA3fDB8MHxwaG90by1wYWdlfHx8fGVufDB8fHx8fA%3D%3D&auto=format&fit=crop&q=80&w=1099
72,Space Gray Apple Watch,Wrist Watch,https://images.unsplash.com/photo-1546868871-7041f2a55e12?ixlib=rb-4.1.0&ixid=M3wxMjA3fDB8MHxwaG90by1wYWdlfHx8fGVufDB8fHx8fA%3D%3D&auto=format&fit=crop&q=80&w=764
73,Silver and white round analog watch,Wrist Watch,https://images.unsplash.com/photo-1620625515032-6ed0c1790c75?ixlib=rb-4.1.0&ixid=M3wxMjA3fDB8MHxwaG90by1wYWdlfHx8fGVufDB8fHx8fA%3D%3D&auto=format&fit=crop&q=80&w=764
74,Round silvered colored rolex watch,Wrist Watch,https://images.unsplash.com/photo-1547996160-81dfa63595aa?ixlib=rb-4.1.0&ixid=M3wxMjA3fDB8MHxwaG90by1wYWdlfHx8fGVufDB8fHx8fA%3D%3D&auto=format&fit=crop&q=80&w=687
75,Round silver colored chronograph watch,Wrist Watch,https://images.unsplash.com/photo-1524805444758-089113d48a6d?ixlib=rb-4.1.0&ixid=M3wxMjA3fDB8MHxwaG90by1wYWdlfHx8fGVufDB8fHx8fA%3D%3D&auto=format&fit=crop&q=80&w=688
76,Gold and black analog,Wrist Watch,https://images.unsplash.com/photo-1614703418052-d5b893d495bc?ixlib=rb-4.1.0&ixid=M3wxMjA3fDB8MHxwaG90by1wYWdlfHx8fGVufDB8fHx8fA%3D%3D&auto=format&fit=crop&q=80&w=735
77,Round gold colored analog,Wrist Watch,https://images.unsplash.com/photo-1541778480-fc1752bbc2a9?ixlib=rb-4.1.0&ixid=M3wxMjA3fDB8MHxwaG90by1wYWdlfHx8fGVufDB8fHx8fA%3D%3D&auto=format&fit=crop&q=80&w=1296
78,Black Smartwatch,Wrist Watch,https://images.unsplash.com/photo-1461141346587-763ab02bced9?ixlib=rb-4.1.0&ixid=M3wxMjA3fDB8MHxwaG90by1wYWdlfHx8fGVufDB8fHx8fA%3D%3D&auto=format&fit=crop&q=80&w=1400
79,Silver and White Seiko Analog,Wrist Watch,https://images.unsplash.com/photo-1583312572805-32ece488eb6e?ixlib=rb-4.1.0&ixid=M3wxMjA3fDB8MHxwaG90by1wYWdlfHx8fGVufDB8fHx8fA%3D%3D&auto=format&fit=crop&q=80&w=880
80,Casio Vintage,Wrist Watch,https://images.unsplash.com/photo-1660827857058-48419a156675?ixlib=rb-4.1.0&ixid=M3wxMjA3fDB8MHxwaG90by1wYWdlfHx8fGVufDB8fHx8fA%3D%3D&auto=format&fit=crop&q=80&w=842
81,White Polo tshirt,Tshirt/Shirt,https://images.unsplash.com/photo-1671438118097-479e63198629?ixlib=rb-4.1.0&ixid=M3wxMjA3fDB8MHxwaG90by1wYWdlfHx8fGVufDB8fHx8fA%3D%3D&auto=format&fit=crop&q=80&w=877
82,Printed white tshirt,Tshirt/Shirt,https://images.unsplash.com/photo-1714070700742-b59b045d2dd9?ixlib=rb-4.1.0&ixid=M3wxMjA3fDB8MHxwaG90by1wYWdlfHx8fGVufDB8fHx8fA%3D%3D&auto=format&fit=crop&q=80&w=880
83,Blue and white crew neck ,Tshirt/Shirt,https://images.unsplash.com/photo-1621951753015-740c699ab970?ixlib=rb-4.1.0&ixid=M3wxMjA3fDB8MHxwaG90by1wYWdlfHx8fGVufDB8fHx8fA%3D%3D&auto=format&fit=crop&q=80&w=880
84,White and Blue printed crew neck,Tshirt/Shirt,https://images.unsplash.com/photo-1576566588028-4147f3842f27?ixlib=rb-4.1.0&ixid=M3wxMjA3fDB8MHxwaG90by1wYWdlfHx8fGVufDB8fHx8fA%3D%3D&auto=format&fit=crop&q=80&w=764
85,Pink crew neck,Tshirt/Shirt,https://images.unsplash.com/photo-1622470953794-aa9c70b0fb9d?ixlib=rb-4.1.0&ixid=M3wxMjA3fDB8MHxwaG90by1wYWdlfHx8fGVufDB8fHx8fA%3D%3D&auto=format&fit=crop&q=80&w=687
86,Blue shirt,Tshirt/Shirt,https://images.unsplash.com/photo-1740711152088-88a009e877bb?ixlib=rb-4.1.0&ixid=M3wxMjA3fDB8MHxwaG90by1wYWdlfHx8fGVufDB8fHx8fA%3D%3D&auto=format&fit=crop&q=80&w=880
87,Formal tshirts,Tshirt/Shirt,https://plus.unsplash.com/premium_photo-1723568617048-8ba7f42e5fec?ixlib=rb-4.1.0&ixid=M3wxMjA3fDB8MHxwaG90by1wYWdlfHx8fGVufDB8fHx8fA%3D%3D&auto=format&fit=crop&q=80&w=1170
88,Vogon striped tshirts,Tshirt/Shirt,https://images.unsplash.com/photo-1642764873654-9eef0467b342?ixlib=rb-4.1.0&ixid=M3wxMjA3fDB8MHxwaG90by1wYWdlfHx8fGVufDB8fHx8fA%3D%3D&auto=format&fit=crop&q=80&w=688
89,Vogon variety shirts,Tshirt/Shirt,https://images.unsplash.com/photo-1642764873649-5c228ce3fe74?ixlib=rb-4.1.0&ixid=M3wxMjA3fDB8MHxwaG90by1wYWdlfHx8fGVufDB8fHx8fA%3D%3D&auto=format&fit=crop&q=80&w=1170
90,Brown shirt,Tshirt/Shirt,https://plus.unsplash.com/premium_photo-1691367279381-0bc5f1048916?ixlib=rb-4.1.0&ixid=M3wxMjA3fDB8MHxwaG90by1wYWdlfHx8fGVufDB8fHx8fA%3D%3D&auto=format&fit=crop&q=80&w=1170
